Date,Open,High,Low,Close,Adj Close,Volume,SMA20,Signal,Position,Daily_Return,Position_Holding,Entry_Price,Strategy_Return,Cumulative_Strategy_Return
2018-01-02,42.540000915527344,43.07500076293945,42.314998626708984,43.064998626708984,40.56892395019531,102223600,43.064998626708984,0,,,,,0.0,0.0
2018-01-03,43.13249969482422,43.63750076293945,42.9900016784668,43.057498931884766,40.56186294555664,118071600,43.061248779296875,0,0.0,-0.00017414826572337283,0.0,,0.0,0.0
2018-01-04,43.1349983215332,43.36750030517578,43.02000045776367,43.25749969482422,40.75026321411133,89738400,43.12666575113932,0,0.0,0.004644969352628925,0.0,,0.0,0.0
2018-01-05,43.36000061035156,43.842498779296875,43.26250076293945,43.75,41.2142333984375,94640000,43.28249931335449,0,0.0,0.01138531604115589,0.0,,0.0,0.0
2018-01-08,43.587501525878906,43.90250015258789,43.48249816894531,43.587501525878906,41.06114196777344,82271200,43.343499755859376,0,0.0,-0.0037142508370535676,0.0,,0.0,0.0
2018-01-09,43.63750076293945,43.76499938964844,43.352500915527344,43.58250045776367,41.056434631347656,86336000,43.38333320617676,0,0.0,-0.0001147362877008673,0.0,,0.0,0.0
2018-01-10,43.290000915527344,43.57500076293945,43.25,43.5724983215332,41.04701614379883,95839600,43.41035679408482,0,0.0,-0.00022949890725432187,0.0,,0.0,0.0
2018-01-11,43.647499084472656,43.872501373291016,43.622501373291016,43.81999969482422,41.28017807006836,74670800,43.461562156677246,0,0.0,0.00568021992828216,0.0,,0.0,0.0
2018-01-12,44.04499816894531,44.34000015258789,43.912498474121094,44.272499084472656,41.70643997192383,101672400,43.551666259765625,0,0.0,0.01032632115015475,0.0,,0.0,0.0
2018-01-16,44.474998474121094,44.84749984741211,44.03499984741211,44.04750061035156,41.494483947753906,118263600,43.60124969482422,0,0.0,-0.0050821272522202365,0.0,,0.0,0.0
2018-01-17,44.037498474121094,44.8125,43.76750183105469,44.775001525878906,42.1798210144043,137547200,43.70795440673828,0,0.0,0.01651628141089967,0.0,,0.0,0.0
2018-01-18,44.842498779296875,45.025001525878906,44.5625,44.814998626708984,42.217498779296875,124773600,43.80020809173584,0,0.0,0.0008932908870358247,0.0,,0.0,0.0
2018-01-19,44.65250015258789,44.89500045776367,44.352500915527344,44.6150016784668,42.02910232543945,129700400,43.862884521484375,0,0.0,-0.0044627235160282774,0.0,,0.0,0.0
2018-01-22,44.32500076293945,44.44499969482422,44.150001525878906,44.25,41.68524169921875,108434400,43.89053562709263,0,0.0,-0.008181142322873924,0.0,,0.0,0.0
2018-01-23,44.32500076293945,44.86000061035156,44.20500183105469,44.2599983215332,41.69466781616211,130756400,43.91516647338867,0,0.0,0.0002259507691120266,0.0,,0.0,0.0
2018-01-24,44.3125,44.32500076293945,43.29999923706055,43.55500030517578,41.03053283691406,204420400,43.892656087875366,0,0.0,-0.015928559491481753,0.0,,0.0,0.0
2018-01-25,43.627498626708984,43.73749923706055,42.63249969482422,42.77750015258789,40.29810333251953,166116000,43.82705867991728,0,0.0,-0.017850996375621597,0.0,,0.0,0.0
2018-01-26,43.0,43.0,42.51499938964844,42.877498626708984,40.392303466796875,156572000,43.77430534362793,0,0.0,0.002337641838920046,0.0,,0.0,0.0
2018-01-29,42.540000915527344,42.540000915527344,41.76750183105469,41.9900016784668,39.55622863769531,202561600,43.680394624408926,0,0.0,-0.020698431034159137,0.0,,0.0,0.0
2018-01-30,41.38249969482422,41.842498779296875,41.17499923706055,41.74250030517578,39.323081970214844,184192800,43.583499908447266,0,0.0,-0.005894293007802864,0.0,,0.0,0.0
2018-01-31,41.717498779296875,42.11000061035156,41.625,41.85749816894531,39.43141174316406,129915600,43.523124885559085,0,0.0,0.0027549347290840576,0.0,,0.0,0.0
2018-02-01,41.79249954223633,42.154998779296875,41.689998626708984,41.94499969482422,39.51384735107422,188923200,43.46749992370606,0,0.0,0.0020904623951898404,0.0,,0.0,0.0
2018-02-02,41.5,41.70000076293945,40.025001525878906,40.125,37.79933166503906,346375200,43.310874938964844,0,0.0,-0.043390146812870234,0.0,,0.0,0.0
2018-02-05,39.775001525878906,40.970001220703125,39.0,39.122501373291016,36.854942321777344,290954000,43.07950000762939,0,0.0,-0.024984389450691147,0.0,,0.0,0.0
2018-02-06,38.70750045776367,40.93000030517578,38.5,40.75749969482422,38.39516830444336,272975200,42.93799991607666,0,0.0,0.04179176341340529,0.0,,0.0,0.0
2018-02-07,40.772499084472656,40.849998474121094,39.76750183105469,39.8849983215332,37.573246002197266,206434400,42.75312480926514,0,0.0,-0.021407136841659957,0.0,,0.0,0.0
2018-02-08,40.0724983215332,40.25,38.75749969482422,38.787498474121094,36.53935623168945,217562000,42.51387481689453,0,0.0,-0.027516607586757447,0.0,,0.0,0.0
2018-02-09,39.26750183105469,39.47249984741211,37.560001373291016,39.102500915527344,36.98628616333008,282690400,42.27799987792969,0,0.0,0.008121236320935088,0.0,,0.0,0.0
2018-02-12,39.625,40.97249984741211,39.377498626708984,40.6775016784668,38.47605514526367,243278000,42.098250007629396,0,0.0,0.04027877312353767,0.0,,0.0,0.0
2018-02-13,40.48749923706055,41.1875,40.412498474121094,41.084999084472656,38.86148452758789,130196800,41.95012493133545,0,0.0,0.0100177589377759,0.0,,0.0,0.0
2018-02-14,40.7599983215332,41.8849983215332,40.720001220703125,41.842498779296875,39.577999114990234,162579600,41.80349979400635,1,1.0,0.0184373788902068,0.0,41.842498779296875,,
2018-02-15,42.4474983215332,43.272499084472656,42.25,43.247501373291016,40.90695571899414,204588800,41.72512493133545,1,0.0,0.03357836254964108,1.0,41.842498779296875,0.03357836254964098,0.03357836254964108
2018-02-16,43.09000015258789,43.70500183105469,42.942501068115234,43.10749816894531,40.774532318115234,160704400,41.649749755859375,1,0.0,-0.003237255330366118,1.0,41.842498779296875,0.030232405486126053,0.06482592270792797
2018-02-20,43.01250076293945,43.564998626708984,42.85499954223633,42.962501525878906,40.637386322021484,135722000,41.58537483215332,1,0.0,-0.003363606083056414,1.0,41.842498779296875,0.02676710950007111,0.09332823477956542
2018-02-21,43.20750045776367,43.529998779296875,42.752498626708984,42.76750183105469,40.45293426513672,149886400,41.5107500076294,1,0.0,-0.0045388347488741765,1.0,41.842498779296875,0.0221067832644711,0.11749820510276399
2018-02-22,42.95000076293945,43.48749923706055,42.9275016784668,43.125,40.79108810424805,123967600,41.4892499923706,1,0.0,0.008359108052594433,1.0,41.842498779296875,0.030650684307068438,0.1517502898010843
2018-02-23,43.41749954223633,43.912498474121094,43.3849983215332,43.875,41.50050735473633,135249600,41.54412498474121,1,0.0,0.017391304347825987,1.0,41.842498779296875,0.04857504403414789,0.20769661084451463
2018-02-26,44.087501525878906,44.84749984741211,44.0525016784668,44.74250030517578,42.32103729248047,152648800,41.637375068664554,1,0.0,0.019772086727653182,1.0,41.842498779296875,0.06930756074524376,0.2913991170624459
2018-02-27,44.775001525878906,45.119998931884766,44.540000915527344,44.59749984741211,42.183895111083984,155712400,41.76774997711182,1,0.0,-0.0032407768178949192,1.0,41.842498779296875,0.06584217359118077,0.37642764190356903
2018-02-28,44.814998626708984,45.154998779296875,44.51250076293945,44.529998779296875,42.12004089355469,151128400,41.90712490081787,1,0.0,-0.0015135617096515563,1.0,41.842498779296875,0.06422895568870136,0.46483415192409727
2018-03-01,44.6349983215332,44.94499969482422,43.165000915527344,43.75,41.382259368896484,195208000,42.001749992370605,1,0.0,-0.01751625422589309,1.0,41.842498779296875,0.04558765074630131,0.5316124996432676
2018-03-02,43.20000076293945,44.07500076293945,43.11249923706055,44.0525016784668,41.66838836669922,153816000,42.10712509155273,1,0.0,0.006914324079241085,1.0,41.842498779296875,0.05281718261681357,0.6125079567351204
2018-03-05,43.8025016784668,44.435001373291016,43.630001068115234,44.20500183105469,41.812644958496094,113605600,42.31112518310547,1,0.0,0.003461781891547666,1.0,41.842498779296875,0.05646180607470671,0.7035530682822202
2018-03-06,44.477500915527344,44.5625,44.032501220703125,44.16749954223633,41.777164459228516,95154000,42.563375091552736,1,0.0,-0.0008483720679774986,1.0,41.842498779296875,0.05556553338754791,0.7982119031753157
2018-03-07,43.73500061035156,43.962501525878906,43.567501068115234,43.75749969482422,41.38935089111328,126814000,42.713375091552734,1,0.0,-0.009282840361384603,1.0,41.842498779296875,0.04576688705013147,0.8805104642401425
2018-03-08,43.869998931884766,44.279998779296875,43.76750183105469,44.23500061035156,41.84101104736328,95096400,42.93087520599365,1,0.0,0.010912436013427618,1.0,41.842498779296875,0.057178751290027315,0.9880357043732233
2018-03-09,44.4900016784668,45.0,44.34749984741211,44.994998931884766,42.55988311767578,128740800,43.24125022888184,1,0.0,0.01718092711759467,1.0,41.842498779296875,0.07534206236621095,1.1378184143983647
2018-03-12,45.0724983215332,45.59749984741211,45.0525016784668,45.43000030517578,42.971343994140625,128828400,43.557625198364256,1,0.0,0.009667771610563536,1.0,41.842498779296875,0.08573822382839993,1.3211111681165266
2018-03-13,45.647499084472656,45.875,44.810001373291016,44.99250030517578,42.557525634765625,126774000,43.77337512969971,1,0.0,-0.009630200243475606,1.0,41.842498779296875,0.07528234732093692,1.4958498652451806
2018-03-14,45.08000183105469,45.130001068115234,44.45249938964844,44.61000061035156,42.195716857910156,117473600,43.949625205993655,1,0.0,-0.008501410062339176,1.0,41.842498779296875,0.06614093115356703,1.6609276993520017
2018-03-15,44.625,45.060001373291016,44.51750183105469,44.662498474121094,42.245384216308594,90975200,44.09062519073486,1,0.0,0.0011768182705953478,1.0,41.842498779296875,0.06739558528037809,1.8402624790385995
2018-03-16,44.662498474121094,44.779998779296875,44.404998779296875,44.505001068115234,42.096405029296875,157618800,44.153500175476076,1,0.0,-0.0035263904032847293,1.0,41.842498779296875,0.06363153173193688,2.020992731100574
2018-03-19,44.33000183105469,44.36750030517578,43.415000915527344,43.82500076293945,41.45320510864258,133787200,44.18937530517578,0,-1.0,-0.015279188604782501,1.0,41.842498779296875,0.04738010495261087,2.1641276837611936
2018-03-20,43.810001373291016,44.20000076293945,43.73500061035156,43.810001373291016,41.43902587890625,78597600,44.231750297546384,0,0.0,-0.0003422564606346823,0.0,41.842498779296875,0.0,2.1641276837611936
2018-03-21,43.7599983215332,43.772499084472656,42.814998626708984,42.817501068115234,40.50022888183594,148219600,44.23425025939942,0,0.0,-0.02265465131395461,0.0,41.842498779296875,0.0,2.1641276837611936
2018-03-22,42.5,43.16999816894531,42.150001525878906,42.212501525878906,39.92796325683594,165963200,44.18862533569336,0,0.0,-0.014129725629570933,0.0,41.842498779296875,0.0,2.1641276837611936
2018-03-23,42.09749984741211,42.47999954223633,41.23500061035156,41.23500061035156,39.00337600708008,164115200,44.05662536621094,0,0.0,-0.023156668763827604,0.0,41.842498779296875,0.0,2.1641276837611936
2018-03-26,42.01750183105469,43.275001525878906,41.61000061035156,43.192501068115234,40.85493469238281,150164800,43.97912540435791,0,0.0,0.04747181832882674,0.0,41.842498779296875,0.0,2.1641276837611936
2018-03-27,43.41999816894531,43.787498474121094,41.72999954223633,42.084999084472656,39.807376861572266,163690400,43.85350036621094,0,0.0,-0.0256410709325684,0.0,41.842498779296875,0.0,2.1641276837611936
2018-03-28,41.8125,42.505001068115234,41.29750061035156,41.619998931884766,39.36753463745117,166674000,43.708000373840335,0,0.0,-0.011049071229740193,0.0,41.842498779296875,0.0,2.1641276837611936
2018-03-29,41.95249938964844,42.9375,41.724998474121094,41.94499969482422,39.67495346069336,153594000,43.617750358581546,0,0.0,0.007808764326768802,0.0,41.842498779296875,0.0,2.1641276837611936
2018-04-02,41.65999984741211,42.23500061035156,41.11750030517578,41.66999816894531,39.41482925415039,150347200,43.49862518310547,0,0.0,-0.006556240979370909,0.0,41.842498779296875,0.0,2.1641276837611936
2018-04-03,41.90999984741211,42.1875,41.220001220703125,42.09749984741211,39.81918716430664,121112000,43.39325008392334,0,0.0,0.010259219996447966,0.0,41.842498779296875,0.0,2.1641276837611936
2018-04-04,41.220001220703125,43.002498626708984,41.192501068115234,42.90250015258789,40.580623626708984,138422000,43.33000011444092,0,0.0,0.01912228298814922,0.0,41.842498779296875,0.0,2.1641276837611936
2018-04-05,43.14500045776367,43.557498931884766,43.02000045776367,43.20000076293945,40.862030029296875,107732800,43.30212516784668,0,0.0,0.006934342038190433,0.0,41.842498779296875,0.0,2.1641276837611936
2018-04-06,42.74250030517578,43.119998931884766,42.04999923706055,42.095001220703125,39.81683349609375,140021200,43.19512519836426,0,0.0,-0.025578692655586432,0.0,41.842498779296875,0.0,2.1641276837611936
2018-04-09,42.470001220703125,43.272499084472656,42.462501525878906,42.51250076293945,40.21173858642578,116070800,43.071000289916995,0,0.0,0.00991803136071634,0.0,41.842498779296875,0.0,2.1641276837611936
2018-04-10,43.25,43.5,42.88249969482422,43.3125,40.968441009521484,113634400,42.965125274658206,1,1.0,0.018817976423488814,0.0,43.3125,,
2018-04-11,43.057498931884766,43.47999954223633,42.92499923706055,43.11000061035156,40.77689743041992,89726400,42.87100028991699,1,0.0,-0.00467531058351367,1.0,43.3125,-0.004675310583513709,2.1493344041137163
2018-04-12,43.352500915527344,43.75,43.2599983215332,43.53499984741211,41.17890167236328,91557200,42.81725025177002,1,0.0,0.009858483670688978,1.0,43.3125,0.005137081614132395,2.165512791977843
2018-04-13,43.69499969482422,43.959999084472656,43.462501525878906,43.682498931884766,41.31840515136719,100497200,42.7682502746582,1,0.0,0.0033880575396723067,1.0,43.3125,0.00854254388189935,2.1925543239120273
2018-04-16,43.75749969482422,44.04750061035156,43.70750045776367,43.95500183105469,41.576175689697266,86313600,42.740750312805176,1,0.0,0.006238262595618549,1.0,43.3125,0.014834097109487734,2.2399129847802537
2018-04-17,44.122501373291016,44.73500061035156,44.102500915527344,44.560001373291016,42.14842987060547,106421600,42.77750034332276,1,0.0,0.01376406590907897,1.0,43.3125,0.028802340508883476,2.333230061787048
2018-04-18,44.45249938964844,44.70500183105469,44.220001220703125,44.459999084472656,42.053829193115234,83018000,42.81000022888183,1,0.0,-0.002244216466256721,1.0,43.3125,0.026493485355790044,2.4215389436164823
2018-04-19,43.439998626708984,43.84749984741211,43.165000915527344,43.20000076293945,40.862030029296875,139235200,42.829125213623044,1,0.0,-0.028340043802952963,1.0,43.3125,-0.002597384982638889,2.4126518897468188
2018-04-20,42.650001525878906,42.80500030517578,41.35749816894531,41.43000030517578,39.18782424926758,261964400,42.79000015258789,0,-1.0,-0.04097223209500789,1.0,43.3125,-0.043463196417297977,2.2643271303588897
2018-04-23,41.70750045776367,41.72999954223633,41.022499084472656,41.310001373291016,39.07432174682617,146062000,42.79375019073486,0,0.0,-0.0028964260439499068,0.0,43.3125,0.0,2.2643271303588897
2018-04-24,41.41749954223633,41.58250045776367,40.30500030517578,40.73500061035156,38.53043746948242,134768000,42.67087516784668,0,0.0,-0.013919165911991938,0.0,43.3125,0.0,2.2643271303588897
2018-04-25,40.654998779296875,41.35499954223633,40.602500915527344,40.912498474121094,38.698326110839844,113528400,42.6122501373291,0,0.0,0.004357379676199757,0.0,43.3125,0.0,2.2643271303588897
2018-04-26,41.029998779296875,41.432498931884766,40.842498779296875,41.05500030517578,38.83311462402344,111852000,42.584000205993654,0,0.0,0.0034830879650340485,0.0,43.3125,0.0,2.2643271303588897
2018-04-27,41.0,41.08250045776367,40.157501220703125,40.58000183105469,38.383827209472656,142623200,42.515750312805174,0,0.0,-0.011569808076732913,0.0,43.3125,0.0,2.2643271303588897
2018-04-30,40.532501220703125,41.814998626708984,40.459999084472656,41.314998626708984,39.07904052734375,169709600,42.49800033569336,0,0.0,0.01811229084499022,0.0,43.3125,0.0,2.2643271303588897
2018-05-01,41.602500915527344,42.29999923706055,41.317501068115234,42.275001525878906,39.987091064453125,214277600,42.5068754196167,0,0.0,0.02323618373665659,0.0,43.3125,0.0,2.2643271303588897
2018-05-02,43.807498931884766,44.4375,43.45000076293945,44.14250183105469,41.75352478027344,266157600,42.56887550354004,1,1.0,0.04417504997681854,0.0,44.14250183105469,,
2018-05-03,43.970001220703125,44.375,43.61000061035156,44.22249984741211,41.82919692993164,136272800,42.62000045776367,1,0.0,0.0018122673849252369,1.0,44.14250183105469,0.0018122673849252124,2.270242963950966
2018-05-04,44.5625,46.0625,44.54249954223633,45.95750045776367,43.47029495239258,224805200,42.813125419616696,1,0.0,0.03923343583782257,1.0,44.14250183105469,0.04111680469891525,2.404704905217739
2018-05-07,46.29499816894531,46.91749954223633,46.1875,46.290000915527344,43.784793853759766,169805600,43.002000427246095,1,0.0,0.00723495521844697,1.0,44.14250183105469,0.048649238158084404,2.570341205009675
2018-05-08,46.247501373291016,46.55500030517578,45.91749954223633,46.51250076293945,43.995262145996094,113611200,43.162000465393064,1,0.0,0.004806650313490701,1.0,44.14250183105469,0.05368972834741886,2.7620318544142406
2018-05-09,46.63750076293945,46.849998474121094,46.30500030517578,46.84000015258789,44.30503463745117,92844800,43.348500442504886,1,0.0,0.007041104741230875,1.0,44.14250183105469,0.061108868089472135,2.991925362754033
2018-05-10,46.935001373291016,47.592498779296875,46.912498474121094,47.5099983215332,44.93877410888672,111957200,43.54725036621094,1,0.0,0.014303974525249785,1.0,44.14250183105469,0.07628694230714056,3.2964571425968616
2018-05-11,47.372501373291016,47.51499938964844,46.86249923706055,47.147499084472656,44.76785659790039,104848800,43.72050037384033,1,0.0,-0.007629956848393515,1.0,44.14250183105469,0.06807491938084767,3.58893811620241
2018-05-14,47.252498626708984,47.38249969482422,46.96500015258789,47.037498474121094,44.663414001464844,83115200,43.87462520599365,1,0.0,-0.002333116548864589,1.0,44.14250183105469,0.06558297611101298,3.8898943350522295
2018-05-15,46.69499969482422,46.76750183105469,46.275001525878906,46.61000061035156,44.25748062133789,94780800,43.97712516784668,1,0.0,-0.009088448102841373,1.0,44.14250183105469,0.05589848053335675,4.163231998350318
2018-05-16,46.51750183105469,47.1150016784668,46.5,47.04499816894531,44.6705322265625,76732400,44.10637512207031,1,0.0,0.009332708708378323,1.0,44.14250183105469,0.06575287347779392,4.502729338674343
2018-05-17,47.0,47.227500915527344,46.59000015258789,46.747501373291016,44.38804626464844,69176000,44.28375015258789,1,0.0,-0.006323664730221501,1.0,44.14250183105469,0.05901340962065012,4.827464159169101
2018-05-18,46.79750061035156,46.95249938964844,46.532501220703125,46.57749938964844,44.22663116455078,73190800,44.54112510681152,1,0.0,-0.0036366004310063316,1.0,44.14250183105469,0.0551622009987822,5.148919908430386
2018-05-21,47.0,47.317501068115234,46.727500915527344,46.907501220703125,44.53997039794922,73603200,44.82100009918213,1,0.0,0.00708500532186207,1.0,44.14250183105469,0.0626380308082863,5.534076143092334
2018-05-22,47.095001220703125,47.220001220703125,46.69499969482422,46.790000915527344,44.428401947021484,60962800,45.12375011444092,1,0.0,-0.00250493635597715,1.0,44.14250183105469,0.05997619017167066,5.925965136446616
2018-05-23,46.587501525878906,47.125,46.439998626708984,47.09000015258789,44.713260650634766,80233600,45.432625198364256,1,0.0,0.006411609984837474,1.0,44.14250183105469,0.06677234409626527,6.388428063736167
2018-05-24,47.192501068115234,47.209999084472656,46.5525016784668,47.037498474121094,44.663414001464844,92936000,45.731750106811525,1,0.0,-0.0011149220279608185,1.0,44.14250183105469,0.06558297611101298,6.8729831649381135
2018-05-25,47.057498931884766,47.412498474121094,46.912498474121094,47.14500045776367,44.76548385620117,69844000,46.060000038146974,1,0.0,0.0022854528223206216,1.0,44.14250183105469,0.06801831573118261,7.4084902195971605
2018-05-29,46.900001525878906,47.1875,46.717498779296875,46.974998474121094,44.604061126708984,90056400,46.34300003051758,1,0.0,-0.0036059387420067646,1.0,44.14250183105469,0.0641671071093147,7.948038712145676
2018-05-30,46.93000030517578,47.0,46.69499969482422,46.875,44.50910568237305,74762000,46.57299995422363,1,0.0,-0.002128759496952015,1.0,44.14250183105469,0.061901751273711746,8.50193797889246
2018-05-31,46.80500030517578,47.057498931884766,46.53499984741211,46.717498779296875,44.35955047607422,109931200,46.70174980163574,1,0.0,-0.0033600260416666305,1.0,44.14250183105469,0.058333733735740634,9.056221498926694
2018-06-01,46.997501373291016,47.564998626708984,46.9375,47.560001373291016,45.1595344543457,93770000,46.86862487792969,1,0.0,0.01803398332548367,1.0,44.14250183105469,0.07741970664272779,9.83477121730789
2018-06-04,47.90999984741211,48.35499954223633,47.837501525878906,47.95750045776367,45.53696823120117,105064800,46.968624877929685,1,0.0,0.008357844259775149,1.0,44.14250183105469,0.08642461275326029,10.771162124033895
2018-06-05,48.26750183105469,48.48500061035156,48.09000015258789,48.32749938964844,45.88829803466797,86264000,47.07049980163574,1,0.0,0.007715142122776575,1.0,44.14250183105469,0.0948065330463341,11.88714519493987
2018-06-06,48.407501220703125,48.52000045776367,47.97999954223633,48.494998931884766,46.04735565185547,83734400,47.169624710083006,1,0.0,0.003465926115602036,1.0,44.14250183105469,0.09860105160075121,13.15783126329251
2018-06-07,48.53499984741211,48.54999923706055,48.084999084472656,48.3650016784668,45.92390060424805,85388800,47.24587478637695,1,0.0,-0.002680632153442497,1.0,44.14250183105469,0.09565610629802453,14.512114275563514
2018-06-08,47.79249954223633,48.0,47.442501068115234,47.92499923706055,45.50611114501953,106627200,47.26662483215332,1,0.0,-0.009097538015844786,1.0,44.14250183105469,0.08568833321868574,15.84132149253433
2018-06-11,47.837501525878906,47.99250030517578,47.5525016784668,47.807498931884766,45.39454650878906,73234000,47.299624824523924,1,0.0,-0.002451753928979006,1.0,44.14250183105469,0.08302649258207011,17.23959734650649
2018-06-12,47.84749984741211,48.15250015258789,47.787498474121094,48.06999969482422,45.643798828125,67644400,47.351249885559085,1,0.0,0.005490786357877919,1.0,44.14250183105469,0.08897315967276004,18.86243195358406
2018-06-13,48.10499954223633,48.220001220703125,47.61000061035156,47.67499923706055,45.26873779296875,86553600,47.40449981689453,1,0.0,-0.008217192849414579,1.0,44.14250183105469,0.0800248572118926,20.45192023455056
2018-06-14,47.88750076293945,47.89250183105469,47.55500030517578,47.70000076293945,45.29246139526367,86440400,47.437249946594235,1,0.0,0.0005244158632198292,1.0,44.14250183105469,0.08059123937968622,22.180757073327158
2018-06-15,47.50749969482422,47.540000915527344,47.064998626708984,47.209999084472656,44.82719039916992,246876800,47.46037483215332,0,-1.0,-0.01027257171130913,1.0,44.14250183105469,0.06949078838254595,23.79160615765694
2018-06-18,46.970001220703125,47.30500030517578,46.79999923706055,47.185001373291016,44.80345916748047,73939600,47.49074993133545,0,0.0,-0.0005295003530271236,0.0,44.14250183105469,0.0,23.79160615765694
2018-06-19,46.28499984741211,46.58250045776367,45.86249923706055,46.42250061035156,44.07945251464844,134314000,47.46649990081787,0,0.0,-0.016159812244300742,0.0,44.14250183105469,0.0,23.79160615765694
2018-06-20,46.587501525878906,46.79999923706055,46.432498931884766,46.625,44.27173614501953,82514800,47.4582498550415,0,0.0,0.004362095686057943,0.0,44.14250183105469,0.0,23.79160615765694
2018-06-21,46.8125,47.087501525878906,46.23500061035156,46.3650016784668,44.02484893798828,102847600,47.42199993133545,0,0.0,-0.005576371507414524,0.0,44.14250183105469,0.0,23.79160615765694
2018-06-22,46.529998779296875,46.537498474121094,46.17499923706055,46.22999954223633,43.89667892456055,108801600,47.38162498474121,0,0.0,-0.002911725037058832,0.0,44.14250183105469,0.0,23.79160615765694
2018-06-25,45.849998474121094,46.22999954223633,45.182498931884766,45.54249954223633,43.24387741088867,126652400,47.301499938964845,0,0.0,-0.014871295842689536,0.0,44.14250183105469,0.0,23.79160615765694
2018-06-26,45.747501373291016,46.63249969482422,45.6349983215332,46.10749816894531,43.780338287353516,98276800,47.258124923706056,0,0.0,0.012405964371476896,0.0,44.14250183105469,0.0,23.79160615765694
2018-06-27,46.307498931884766,46.81999969482422,46.00749969482422,46.040000915527344,43.71625900268555,101141200,47.21637496948242,0,0.0,-0.0014639105589864254,0.0,44.14250183105469,0.0,23.79160615765694
2018-06-28,46.025001525878906,46.5525016784668,45.95000076293945,46.375,44.03434753417969,69460800,47.199250030517575,0,0.0,0.007276261464184142,0.0,44.14250183105469,0.0,23.79160615765694
2018-06-29,46.5724983215332,46.79750061035156,45.727500915527344,46.27750015258789,43.94176483154297,90950800,47.13512496948242,0,0.0,-0.00210242258570581,0.0,44.14250183105469,0.0,23.79160615765694
2018-07-02,45.95500183105469,46.82500076293945,45.85499954223633,46.79499816894531,44.433143615722656,70925200,47.07699985504151,0,0.0,0.011182497210331377,0.0,44.14250183105469,0.0,23.79160615765694
2018-07-03,46.9474983215332,46.98749923706055,45.8849983215332,45.97999954223633,43.6592903137207,55819200,46.9596248626709,0,0.0,-0.017416361974554873,0.0,44.14250183105469,0.0,23.79160615765694
2018-07-05,46.314998626708984,46.602500915527344,46.06999969482422,46.349998474121094,44.01060485839844,66416800,46.85237483978271,0,0.0,0.008046953796615242,0.0,44.14250183105469,0.0,23.79160615765694
2018-07-06,46.35499954223633,47.10749816894531,46.29999923706055,46.99250030517578,44.62067413330078,69940800,46.78374977111817,1,1.0,0.013861960133902063,0.0,46.99250030517578,,
2018-07-09,47.375,47.66999816894531,47.32500076293945,47.64500045776367,45.24025344848633,79026400,46.76974983215332,1,0.0,0.013885197602818922,1.0,46.99250030517578,0.013885197602818845,24.13584250804727
2018-07-10,47.6775016784668,47.81999969482422,47.54499816894531,47.587501525878906,45.185646057128906,63756400,46.75874996185303,1,0.0,-0.0012068198411654407,1.0,46.99250030517578,0.012661620829687822,24.454103015118914
2018-07-11,47.125,47.44499969482422,46.90250015258789,46.970001220703125,44.599327087402344,75326000,46.70375003814697,1,0.0,-0.012976102660905098,1.0,46.99250030517578,-0.00047878032295672906,24.44191609145676
2018-07-12,47.38249969482422,47.852500915527344,47.32749938964844,47.75749969482422,45.34707260131836,72164400,46.70787506103515,1,0.0,0.016765987942405802,1.0,46.99250030517578,0.016279180394327304,24.856089633086928
2018-07-13,47.77000045776367,47.959999084472656,47.724998474121094,47.83250045776367,45.41828536987305,50055600,46.71450004577637,1,0.0,0.0015704499485675871,1.0,46.99250030517578,0.017875195980907883,25.318272302578276
2018-07-16,47.880001068115234,48.162498474121094,47.60499954223633,47.727500915527344,45.31858444213867,60172400,46.7403751373291,1,0.0,-0.0021951506032815704,1.0,46.99250030517578,0.015640806630385,25.729911310508722
2018-07-17,47.4375,47.967498779296875,47.29999923706055,47.86249923706055,45.446773529052734,62138000,46.77425003051758,1,0.0,0.0028285227372817356,1.0,46.99250030517578,0.01851356974485019,26.224777387829484
2018-07-18,47.94499969482422,47.95000076293945,47.48249816894531,47.599998474121094,45.197509765625,65573600,46.83312492370605,1,0.0,-0.005484476722356302,1.0,46.99250030517578,0.012927555780180573,26.57672721611365
2018-07-19,47.42250061035156,48.13750076293945,47.42250061035156,47.970001220703125,45.54884338378906,81147200,46.90037498474121,1,0.0,0.00777316719417942,1.0,46.99250030517578,0.020801211026851476,27.150356538365944
2018-07-20,47.94499969482422,48.10749816894531,47.54249954223633,47.86000061035156,45.444400787353516,82704800,46.97512493133545,1,0.0,-0.0022931125193319524,1.0,46.99250030517578,0.0184603989900966,27.670023351777655
2018-07-23,47.66999816894531,47.9900016784668,47.38999938964844,47.90250015258789,45.48476028442383,63957600,47.058749961853025,1,0.0,0.0008879971102033757,1.0,46.99250030517578,0.01936478888125647,28.225212301205524
2018-07-24,48.11249923706055,48.415000915527344,48.01250076293945,48.25,45.81471633911133,74791600,47.19412498474121,1,0.0,0.0072543154596353965,1.0,46.99250030517578,0.02675958262824583,29.00726678460766
2018-07-25,48.26499938964844,48.712501525878906,48.10749816894531,48.70500183105469,46.246742248535156,66839600,47.32400016784668,1,0.0,0.009430089762791471,1.0,46.99250030517578,0.036442017657236474,30.100792130617734
2018-07-26,48.65250015258789,48.9900016784668,48.40250015258789,48.5525016784668,46.10194778442383,76304000,47.449625205993655,1,0.0,-0.0031310983852721463,1.0,46.99250030517578,0.03319681572932173,31.133239396013785
2018-07-27,48.747501373291016,48.79750061035156,47.525001525878906,47.744998931884766,45.335201263427734,96096000,47.51812515258789,1,0.0,-0.016631537380496275,1.0,46.99250030517578,0.01601316426710974,31.647794236896516
2018-07-30,47.974998474121094,48.04999923706055,47.26750183105469,47.477500915527344,45.081207275390625,84118000,47.578125190734866,0,-1.0,-0.005602639487730321,1.0,46.99250030517578,0.01032080879293295,31.984745878726542
2018-07-31,47.57500076293945,48.03499984741211,47.334999084472656,47.5724983215332,45.17140579223633,157492000,47.61700019836426,0,0.0,0.002000893142519944,0.0,46.99250030517578,0.0,31.984745878726542
2018-08-01,49.782501220703125,50.439998626708984,49.32749938964844,50.375,47.832454681396484,271742800,47.836750221252444,1,1.0,0.058910121968479334,0.0,50.375,,
2018-08-02,50.14500045776367,52.095001220703125,50.087501525878906,51.84749984741211,49.23064041137695,249616000,48.111625289916994,1,0.0,0.029230766201729264,1.0,50.375,0.02923076620172922,32.94891527373105
2018-08-03,51.75749969482422,52.185001373291016,51.369998931884766,51.997501373291016,49.37307357788086,133789600,48.36187534332275,1,0.0,0.0028931293952527692,1.0,50.375,0.03220846398592587,34.04235768868627
2018-08-06,52.0,52.3125,51.76750183105469,52.26750183105469,49.62942886352539,101701600,48.593000411987305,1,0.0,0.005192566000918664,1.0,50.375,0.03756827456187965,35.35883860363044
2018-08-07,52.33000183105469,52.375,51.689998626708984,51.77750015258789,49.164161682128906,102349600,48.802500343322755,1,0.0,-0.00937488231311756,1.0,50.375,0.027841194096037532,36.37111208630061
2018-08-08,51.51250076293945,51.95249938964844,51.130001068115234,51.8125,49.19740676879883,90102000,49.0446252822876,1,0.0,0.0006759663426965101,1.0,50.375,0.028535980148883373,37.437533398936985
2018-08-09,52.38249969482422,52.44499969482422,51.79999923706055,52.220001220703125,49.5843391418457,93970400,49.267750358581544,1,0.0,0.007864921026839555,1.0,50.375,0.03662533440601737,38.84532091341551
2018-08-10,51.84000015258789,52.275001525878906,51.66749954223633,51.88249969482422,49.4366455078125,98444800,49.47025032043457,1,0.0,-0.006463070049586683,1.0,50.375,0.029925552254575064,40.03771414651025
2018-08-13,52.32749938964844,52.73749923706055,51.92499923706055,52.217498779296875,49.75585174560547,103563600,49.694750213623045,1,0.0,0.006456880189719794,1.0,50.375,0.036575658149813894,41.53869555038278
2018-08-14,52.540000915527344,52.63999938964844,52.064998626708984,52.4375,49.965484619140625,82992000,49.92350025177002,1,0.0,0.004213170409271827,1.0,50.375,0.04094292803970223,43.28035430120491
2018-08-15,52.30500030517578,52.685001373291016,52.08250045776367,52.560001373291016,50.082210540771484,115230400,50.17150039672852,1,0.0,0.002336140611032489,1.0,50.375,0.04337471708766284,45.20100214156115
2018-08-16,52.9375,53.45249938964844,52.86750030517578,53.33000183105469,50.8159065246582,114001600,50.439500427246095,1,0.0,0.01464993222307931,1.0,50.375,0.05866008597627171,47.911156899375044
2018-08-17,53.36000061035156,54.48749923706055,53.290000915527344,54.39500045776367,51.83069610595703,141708000,50.766250419616696,1,0.0,0.019969971688409416,1.0,50.375,0.07980149792086694,51.81434048498772
2018-08-20,54.525001525878906,54.79499816894531,53.77750015258789,53.8650016784668,51.32568359375,121150800,51.064375495910646,1,0.0,-0.009743520081563428,1.0,50.375,0.06928043034177264,55.47334072200457
2018-08-21,54.20000076293945,54.29750061035156,53.50749969482422,53.7599983215332,51.22563552856445,104639200,51.33987541198731,1,0.0,-0.0019493799992875704,1.0,50.375,0.0671959964572348,59.26812312508861
2018-08-22,53.525001525878906,54.09000015258789,53.459999084472656,53.76250076293945,51.22800827026367,76072400,51.59275035858154,1,0.0,4.6548390706391274e-05,1.0,50.375,0.06724567271343827,63.32089360781151
2018-08-23,53.662498474121094,54.26250076293945,53.650001525878906,53.872501373291016,51.332828521728516,75532800,51.858750343322754,1,0.0,0.0020460471293290983,1.0,50.375,0.06942930765838244,67.78664871897034
2018-08-24,54.150001525878906,54.224998474121094,53.77750015258789,54.040000915527344,51.49244689941406,73905600,52.17350044250488,1,0.0,0.0031091844255699552,1.0,50.375,0.07275436060600186,72.79117736474869
2018-08-27,54.287498474121094,54.685001373291016,54.08250045776367,54.48500061035156,51.916465759277344,82100400,52.5238754272461,1,0.0,0.008234635219933173,1.0,50.375,0.08158810144618486,78.81165942941722
2018-08-28,54.752498626708984,55.1349983215332,54.72999954223633,54.92499923706055,52.335716247558594,91107200,52.89150047302246,1,0.0,0.008075591846931074,1.0,50.375,0.09032256549996123,86.02045326589136
2018-08-29,55.037498474121094,55.872501373291016,54.852500915527344,55.744998931884766,53.11705780029297,109019200,53.1600004196167,1,0.0,0.01492944390012707,1.0,50.375,0.10660047507463555,95.29687492524549
2018-08-30,55.8125,57.064998626708984,55.599998474121094,56.25749969482422,53.60539627075195,195175200,53.380500411987306,1,0.0,0.009193663517075068,1.0,50.375,0.11677418749030707,106.54186425249675
2018-08-31,56.627498626708984,57.217498779296875,56.5,56.907501220703125,54.224754333496094,173360400,53.62600040435791,1,0.0,0.011554042206015636,1.0,50.375,0.1296774435871588,120.48761828735779
2018-09-04,57.102500915527344,57.29499816894531,56.657501220703125,57.09000015258789,54.398658752441406,109560400,53.86712532043457,1,0.0,0.0032069398228711243,1.0,50.375,0.13330025116799782,136.6819483188644
2018-09-05,57.247501373291016,57.41749954223633,56.275001525878906,56.717498779296875,54.04371643066406,133332000,54.11412525177002,1,0.0,-0.006524809463923753,1.0,50.375,0.1259056829637097,154.01688805372524
2018-09-06,56.557498931884766,56.837501525878906,55.32500076293945,55.775001525878906,53.14563751220703,137160000,54.31225032806397,1,0.0,-0.01661739804650908,1.0,50.375,0.10719606006707506,170.63408769694342
2018-09-07,55.462501525878906,56.342498779296875,55.1775016784668,55.32500076293945,52.716861724853516,150479200,54.46750030517578,1,0.0,-0.008068144341164318,1.0,50.375,0.09826304244048542,187.49937534054217
2018-09-10,55.23749923706055,55.462501525878906,54.11750030517578,54.58250045776367,52.00935745239258,158066000,54.60250034332275,0,-1.0,-0.013420701218917253,1.0,50.375,0.08352358228811259,203.24351842805578
2018-09-11,54.502498626708984,56.07500076293945,54.13999938964844,55.962501525878906,53.324310302734375,142996000,54.789750480651854,1,1.0,0.025282848102261113,0.0,55.962501525878906,,
2018-09-12,56.23500061035156,56.25,54.959999084472656,55.26750183105469,52.66206741333008,197114800,54.93125057220459,1,0.0,-0.012419024809011248,1.0,55.962501525878906,-0.012419024809011227,200.70701310561802
2018-09-13,55.880001068115234,57.087501525878906,55.64250183105469,56.602500915527344,53.934139251708984,166825600,55.133375549316405,1,0.0,0.02415522757937505,1.0,55.962501525878906,0.011436218399788306,203.0137785602628
2018-09-14,56.4375,56.709999084472656,55.630001068115234,55.959999084472656,53.3219108581543,127997200,55.264875411987305,1,0.0,-0.011351120898589695,1.0,55.962501525878906,-4.471639648011068e-05,203.0046557992533
2018-09-17,55.537498474121094,55.73749923706055,54.317501068115234,54.470001220703125,51.90216827392578,148780400,55.26862545013428,0,-1.0,-0.02662612380533369,1.0,55.962501525878906,-0.026669649577505034,197.5639231169077
2018-09-18,54.4474983215332,55.462501525878906,54.279998779296875,54.560001373291016,51.987918853759766,126286800,55.30337543487549,0,0.0,0.001652288426123416,0.0,55.962501525878906,0.0,197.5639231169077
2018-09-19,54.625,54.904998779296875,53.82500076293945,54.592498779296875,52.018890380859375,108495200,55.345000457763675,0,0.0,0.0005956269279305815,0.0,55.962501525878906,0.0,197.5639231169077
2018-09-20,55.060001373291016,55.56999969482422,54.787498474121094,55.00749969482422,52.4143180847168,106435200,55.40725040435791,0,0.0,0.007601793741024432,0.0,55.962501525878906,0.0,197.5639231169077
2018-09-21,55.19499969482422,55.34000015258789,54.3224983215332,54.415000915527344,51.84976577758789,384986800,55.43437538146973,0,0.0,-0.010771236332936307,0.0,55.962501525878906,0.0,197.5639231169077
2018-09-24,54.20500183105469,55.314998626708984,54.157501220703125,55.1974983215332,52.595359802246094,110773600,55.49225025177002,0,0.0,0.01438017812809722,0.0,55.962501525878906,0.0,197.5639231169077
2018-09-25,54.9375,55.70500183105469,54.92499923706055,55.54750061035156,52.92887496948242,98217600,55.54537525177002,1,1.0,0.006340908545882762,0.0,55.54750061035156,,
2018-09-26,55.25,55.9375,54.939998626708984,55.10499954223633,52.507225036621094,95938800,55.55437526702881,0,-1.0,-0.007966174233819068,1.0,55.54750061035156,-0.007966174233819118,195.98212830880775
2018-09-27,55.95500183105469,56.61000061035156,55.8849983215332,56.23749923706055,53.58634567260742,120724800,55.579000282287595,1,1.0,0.02055166870940983,0.0,56.23749923706055,,
2018-09-28,56.1974983215332,56.459999084472656,56.005001068115234,56.435001373291016,53.77452850341797,91717600,55.58787536621094,1,0.0,0.0035119295649674864,1.0,56.23749923706055,0.003511929564967475,196.67391566898567
2018-10-01,56.98749923706055,57.35499954223633,56.587501525878906,56.814998626708984,54.1366081237793,94403200,55.58325023651123,1,0.0,0.006733361285923722,1.0,56.23749923706055,0.010268937941462821,198.70381684163647
2018-10-02,56.8125,57.5,56.657501220703125,57.31999969482422,54.6178092956543,99152800,55.594750213623044,1,0.0,0.008888516770602095,1.0,56.23749923706055,0.01924873033917382,202.54786175972487
2018-10-03,57.51250076293945,58.36750030517578,57.44499969482422,58.01750183105469,55.28243637084961,114619200,55.659750366210936,1,0.0,0.01216856489783713,1.0,56.23749923706055,0.03165152466134408,208.99046192597663
2018-10-04,57.69499969482422,58.087501525878906,56.682498931884766,56.997501373291016,54.31051254272461,128168000,55.720875358581544,1,0.0,-0.01758090964919312,1.0,56.23749923706055,0.013514152416820606,211.82830503452283
2018-10-05,56.9900016784668,57.102500915527344,55.14500045776367,56.0724983215332,53.42911911010742,134322000,55.75825023651123,1,0.0,-0.016228835115064677,1.0,56.23749923706055,-0.002934001649536508,211.20386643648348
2018-10-08,55.5525016784668,56.20000076293945,55.04999923706055,55.942501068115234,53.30525588989258,118655600,55.82625026702881,1,0.0,-0.002318378123131515,1.0,56.23749923706055,-0.005245577647430463,210.09073457800594
2018-10-09,55.90999984741211,56.817501068115234,55.5625,56.717498779296875,54.04371643066406,107564000,55.864000129699704,1,0.0,0.013853469122483641,1.0,56.23749923706055,0.008535222027084876,211.89244086548968
2018-10-10,56.3650016784668,56.587501525878906,54.01250076293945,54.09000015258789,51.54008483886719,167962400,55.805125045776364,0,-1.0,-0.04632606661540717,1.0,56.23749923706055,-0.03818624785252636,203.76287735267078
2018-10-11,53.630001068115234,54.875,53.08000183105469,53.61249923706055,51.08509826660156,212497600,55.65562496185303,0,0.0,-0.008827896361255583,0.0,56.23749923706055,0.0,203.76287735267078
2018-10-12,55.10499954223633,55.720001220703125,54.209999084472656,55.52750015258789,52.90980911254883,161351600,55.63400001525879,0,0.0,0.035719299468948584,0.0,56.23749923706055,0.0,203.76287735267078
2018-10-15,55.290000915527344,55.45750045776367,54.317501068115234,54.34000015258789,51.77829360961914,123164000,55.627499961853026,0,0.0,-0.021385799770146097,0.0,56.23749923706055,0.0,203.76287735267078
2018-10-16,54.73249816894531,55.747501373291016,54.189998626708984,55.537498474121094,52.91933059692383,116736000,55.67637481689453,0,0.0,0.022037142402845156,0.0,56.23749923706055,0.0,203.76287735267078
2018-10-17,55.57500076293945,55.65999984741211,54.834999084472656,55.29750061035156,52.69066619873047,91541600,55.71162490844726,0,0.0,-0.004321366110527358,0.0,56.23749923706055,0.0,203.76287735267078
2018-10-18,54.46500015258789,54.935001373291016,53.25,54.005001068115234,51.459083557128906,130325200,55.661499977111816,0,0.0,-0.02337356169754945,0.0,56.23749923706055,0.0,203.76287735267078
2018-10-19,54.51499938964844,55.314998626708984,54.35749816894531,54.82749938964844,52.2428092956543,132314800,55.68212490081787,0,0.0,0.015230039908633808,0.0,56.23749923706055,0.0,203.76287735267078
2018-10-22,54.9474983215332,55.84000015258789,54.73500061035156,55.162498474121094,52.56201934814453,115168400,55.68037490844726,0,0.0,0.006110055869808839,0.0,56.23749923706055,0.0,203.76287735267078
2018-10-23,53.95750045776367,55.8125,53.67499923706055,55.682498931884766,53.05751037597656,155071200,55.68712482452393,0,0.0,0.009426702418267485,0.0,56.23749923706055,0.0,203.76287735267078
2018-10-24,55.650001525878906,56.057498931884766,53.6349983215332,53.772499084472656,51.237548828125,163702000,55.620499801635745,0,0.0,-0.03430161871414161,0.0,56.23749923706055,0.0,203.76287735267078
2018-10-25,54.4275016784668,55.345001220703125,54.1875,54.95000076293945,52.35953140258789,119423200,55.55612487792969,0,0.0,0.02189784180603227,0.0,56.23749923706055,0.0,203.76287735267078
2018-10-26,53.974998474121094,55.04750061035156,53.16749954223633,54.07500076293945,51.52579116821289,189033600,55.43812484741211,0,0.0,-0.015923566657894184,0.0,56.23749923706055,0.0,203.76287735267078
2018-10-29,54.79750061035156,54.92250061035156,51.522499084472656,53.060001373291016,50.55863571166992,183742000,55.250374984741214,0,0.0,-0.018770214985259326,0.0,56.23749923706055,0.0,203.76287735267078
2018-10-30,52.787498474121094,53.79499816894531,52.317501068115234,53.32500076293945,50.81114196777344,146640000,55.050625038146975,0,0.0,0.004994334391062338,0.0,56.23749923706055,0.0,203.76287735267078
2018-10-31,54.220001220703125,55.11249923706055,54.154998779296875,54.71500015258789,52.1356086730957,153435600,54.88549995422363,0,0.0,0.026066561083192274,0.0,56.23749923706055,0.0,203.76287735267078
2018-11-01,54.76250076293945,55.59000015258789,54.20249938964844,55.55500030517578,52.9360237121582,233292800,54.81337490081787,1,1.0,0.015352282742306933,0.0,55.55500030517578,,
2018-11-02,52.38750076293945,53.412498474121094,51.35749816894531,51.869998931884766,49.42473220825195,365314800,54.60324993133545,0,-1.0,-0.06633068766174954,1.0,55.55500030517578,-0.06633068766174954,190.18081489026966
2018-11-05,51.07500076293945,51.09749984741211,49.54249954223633,50.397499084472656,48.02165222167969,264654800,54.32599983215332,0,0.0,-0.028388276031117377,0.0,55.55500030517578,0.0,190.18081489026966
2018-11-06,50.47999954223633,51.18000030517578,50.42250061035156,50.942501068115234,48.54096221923828,127531600,54.03724994659424,0,0.0,0.010814068030024382,0.0,55.55500030517578,0.0,190.18081489026966
2018-11-07,51.49250030517578,52.51499938964844,51.032501220703125,52.48749923706055,50.013126373291016,133697600,53.957124900817874,0,0.0,0.030328274751950213,0.0,55.55500030517578,0.0,190.18081489026966
2018-11-08,52.494998931884766,52.529998779296875,51.6875,52.122501373291016,49.83863067626953,101450400,53.88262500762939,0,0.0,-0.0069539960766851205,0.0,55.55500030517578,0.0,190.18081489026966
2018-11-09,51.38750076293945,51.502498626708984,50.5625,51.11750030517578,48.87765884399414,137463200,53.66212501525879,0,0.0,-0.01928152029615038,0.0,55.55500030517578,0.0,190.18081489026966
2018-11-12,49.75,49.962501525878906,48.4474983215332,48.54249954223633,46.41549301147461,204542000,53.37224998474121,0,0.0,-0.05037415263982947,0.0,55.55500030517578,0.0,190.18081489026966
2018-11-13,47.907501220703125,49.29499816894531,47.86249923706055,48.057498931884766,45.95173645019531,187531600,52.998250007629395,0,0.0,-0.009991257453266678,0.0,55.55500030517578,0.0,190.18081489026966
2018-11-14,48.474998474121094,48.619998931884766,46.48249816894531,46.70000076293945,44.65371322631836,243204000,52.56837501525879,0,0.0,-0.028247374480918963,0.0,55.55500030517578,0.0,190.18081489026966
2018-11-15,47.09749984741211,47.99250030517578,46.724998474121094,47.852500915527344,45.75572967529297,185915200,52.2607500076294,0,0.0,0.024678803720759257,0.0,55.55500030517578,0.0,190.18081489026966
2018-11-16,47.625,48.74250030517578,47.3650016784668,48.38249969482422,46.26249694824219,147713200,51.938500022888185,0,0.0,0.011075675652406636,0.0,55.55500030517578,0.0,190.18081489026966
2018-11-19,47.5,47.67499923706055,46.247501373291016,46.46500015258789,44.429012298583984,167701200,51.503625106811526,0,0.0,-0.03963208917131367,0.0,55.55500030517578,0.0,190.18081489026966
2018-11-20,44.592498779296875,45.36750030517578,43.877498626708984,44.244998931884766,42.30629348754883,271300800,50.93175010681152,0,0.0,-0.04777792345664034,0.0,55.55500030517578,0.0,190.18081489026966
2018-11-21,44.932498931884766,45.067501068115234,44.13750076293945,44.19499969482422,42.258480072021484,124496800,50.4528751373291,0,0.0,-0.0011300539782478358,0.0,55.55500030517578,0.0,190.18081489026966
2018-11-23,43.73500061035156,44.150001525878906,43.025001525878906,43.0724983215332,41.1851692199707,94496000,49.859000015258786,0,0.0,-0.02539883201814963,0.0,55.55500030517578,0.0,190.18081489026966
2018-11-26,43.560001373291016,43.73749923706055,42.564998626708984,43.654998779296875,41.74214553833008,179994000,49.33799991607666,0,0.0,0.013523721178542836,0.0,55.55500030517578,0.0,190.18081489026966
2018-11-27,42.877498626708984,43.692501068115234,42.720001220703125,43.560001373291016,41.65131378173828,165549600,48.86299991607666,0,0.0,-0.002176094574784626,0.0,55.55500030517578,0.0,190.18081489026966
2018-11-28,44.182498931884766,45.3224983215332,43.73249816894531,45.23500061035156,43.25291442871094,184250000,48.458499908447266,0,0.0,0.03845269018029884,0.0,55.55500030517578,0.0,190.18081489026966
2018-11-29,45.665000915527344,45.70000076293945,44.42499923706055,44.88750076293945,42.92063903808594,167080000,47.967124938964844,0,0.0,-0.007682101088169024,0.0,55.55500030517578,0.0,190.18081489026966
2018-11-30,45.0724983215332,45.08250045776367,44.25749969482422,44.64500045776367,42.688758850097656,158126000,47.421624946594235,0,0.0,-0.005402401582936811,0.0,55.55500030517578,0.0,190.18081489026966
2018-12-03,46.1150016784668,46.23500061035156,45.3025016784668,46.20500183105469,44.18041229248047,163210000,47.13837509155273,0,0.0,0.0349423531704709,0.0,55.55500030517578,0.0,190.18081489026966
2018-12-04,45.23749923706055,45.59749984741211,44.067501068115234,44.17250061035156,42.236968994140625,165377200,46.82712516784668,0,0.0,-0.043988770482789374,0.0,55.55500030517578,0.0,190.18081489026966
2018-12-06,42.939998626708984,43.69499969482422,42.60499954223633,43.68000030517578,41.766048431396484,172393600,46.464000129699706,0,0.0,-0.011149477579278533,0.0,55.55500030517578,0.0,190.18081489026966
2018-12-07,43.372501373291016,43.622501373291016,42.07500076293945,42.122501373291016,40.276790618896484,169126400,45.94575023651123,0,0.0,-0.03565702657974146,0.0,55.55500030517578,0.0,190.18081489026966
2018-12-10,41.25,42.522499084472656,40.83250045776367,42.400001525878906,40.542137145996094,248104000,45.459625244140625,0,0.0,0.006587931474645314,0.0,55.55500030517578,0.0,190.18081489026966
2018-12-11,42.915000915527344,42.9474983215332,41.75,42.157501220703125,40.31025314331055,189126800,45.01162528991699,0,0.0,-0.005719346614357357,0.0,55.55500030517578,0.0,190.18081489026966
2018-12-12,42.599998474121094,42.97999954223633,42.255001068115234,42.275001525878906,40.42262268066406,142510800,44.69825038909912,0,0.0,0.002787174328968023,0.0,55.55500030517578,0.0,190.18081489026966
2018-12-13,42.622501373291016,43.14250183105469,42.38750076293945,42.73749923706055,40.864845275878906,127594400,44.43225040435791,0,0.0,0.010940217492328541,0.0,55.55500030517578,0.0,190.18081489026966
2018-12-14,42.25,42.27000045776367,41.31999969482422,41.369998931884766,39.5572624206543,162814800,44.16575031280517,0,0.0,-0.03199766784645952,0.0,55.55500030517578,0.0,190.18081489026966
2018-12-17,41.36249923706055,42.087501525878906,40.682498931884766,40.98500061035156,39.18914031982422,177151600,43.82237529754639,0,0.0,-0.009306220243493368,0.0,55.55500030517578,0.0,190.18081489026966
2018-12-18,41.345001220703125,41.88249969482422,41.09749984741211,41.51750183105469,39.698307037353516,135366000,43.47912540435791,0,0.0,0.012992587843676517,0.0,55.55500030517578,0.0,190.18081489026966
2018-12-19,41.5,41.86249923706055,39.772499084472656,40.22249984741211,38.460044860839844,196189200,43.16700038909912,0,0.0,-0.031191712567684604,0.0,55.55500030517578,0.0,190.18081489026966
2018-12-20,40.099998474121094,40.52750015258789,38.82500076293945,39.20750045776367,37.489524841308594,259092000,42.91512546539307,0,0.0,-0.025234617278859672,0.0,55.55500030517578,0.0,190.18081489026966
2018-12-21,39.21500015258789,39.540000915527344,37.407501220703125,37.682498931884766,36.03134536743164,382978400,42.589500427246094,0,0.0,-0.0388956579244758,0.0,55.55500030517578,0.0,190.18081489026966
2018-12-24,37.037498474121094,37.88750076293945,36.647499084472656,36.70750045776367,35.09906768798828,148676800,42.271250534057614,0,0.0,-0.025874039720229502,0.0,55.55500030517578,0.0,190.18081489026966
2018-12-26,37.07500076293945,39.307498931884766,36.68000030517578,39.29249954223633,37.57079315185547,234330000,42.05312557220459,0,0.0,0.07042155015286333,0.0,55.55500030517578,0.0,190.18081489026966
2018-12-27,38.959999084472656,39.192501068115234,37.51750183105469,39.037498474121094,37.326969146728516,212468400,41.82700042724609,0,0.0,-0.006489815386805042,0.0,55.55500030517578,0.0,190.18081489026966
2018-12-28,39.375,39.630001068115234,38.63750076293945,39.057498931884766,37.34609603881836,169165600,41.51812534332275,0,0.0,0.0005123396361303989,0.0,55.55500030517578,0.0,190.18081489026966
